ship_key,Ship Date,Ship Mode
1,2017-11-11,Second Class
2,2017-06-16,Second Class
3,2016-10-18,Standard Class
4,2015-06-14,Standard Class
5,2018-04-20,Standard Class
6,2017-12-10,Standard Class
7,2016-11-26,Standard Class
8,2015-11-18,Standard Class
9,2015-05-15,Second Class
10,2015-09-01,Second Class
11,2017-12-13,Standard Class
12,2018-07-18,Second Class
13,2016-09-30,Standard Class
14,2017-01-20,Second Class
15,2016-09-21,Standard Class
16,2018-10-23,Second Class
17,2017-12-10,First Class
18,2016-12-31,Standard Class
19,2018-09-15,Standard Class
20,2017-07-22,Standard Class
21,2018-09-23,Standard Class
22,2017-03-13,First Class
23,2015-10-25,Second Class
24,2017-06-25,Standard Class
25,2016-04-22,Standard Class
26,2017-12-17,Standard Class
27,2017-06-18,First Class
28,2016-11-30,Standard Class
29,2016-05-05,Standard Class
30,2015-12-10,Standard Class
31,2017-06-06,First Class
32,2017-09-23,Standard Class
33,2018-09-17,Second Class
34,2016-05-02,Standard Class
35,2018-12-11,First Class
36,2015-12-01,Second Class
37,2017-06-15,First Class
38,2015-10-16,Standard Class
39,2016-09-08,Standard Class
40,2018-11-16,First Class
41,2018-05-30,Second Class
42,2018-11-02,Standard Class
43,2017-04-10,Second Class
44,2017-09-22,Standard Class
45,2016-02-05,Second Class
46,2018-11-12,Standard Class
47,2018-11-11,Second Class
48,2018-06-20,First Class
49,2017-09-11,Standard Class
50,2017-09-02,Standard Class
51,2017-12-04,Second Class
52,2016-11-17,Standard Class
53,2018-11-28,Standard Class
54,2016-10-20,Standard Class
55,2018-12-30,Standard Class
56,2017-11-10,Standard Class
57,2015-08-27,Second Class
58,2016-03-06,Standard Class
59,2016-04-10,Standard Class
60,2015-12-28,Second Class
61,2015-09-25,Standard Class
62,2017-11-10,Second Class
63,2018-02-05,First Class
64,2017-10-19,Standard Class
65,2017-09-07,Second Class
66,2018-12-27,Standard Class
67,2016-09-12,Standard Class
68,2015-10-28,Standard Class
69,2017-12-09,Standard Class
70,2017-03-16,First Class
71,2016-06-02,First Class
72,2016-06-03,Standard Class
73,2015-03-06,Second Class
74,2017-11-24,Standard Class
75,2017-05-12,First Class
76,2016-12-31,Second Class
77,2017-11-20,Standard Class
78,2017-11-11,Standard Class
79,2015-09-12,Standard Class
80,2015-08-09,Standard Class
81,2015-09-19,Standard Class
82,2018-04-25,Second Class
83,2016-11-23,Second Class
84,2016-12-19,Standard Class
85,2015-12-09,Second Class
86,2015-11-24,Second Class
87,2017-12-02,Standard Class
88,2015-08-30,Standard Class
89,2016-10-14,First Class
90,2016-11-06,Standard Class
91,2015-03-25,Standard Class
92,2018-11-13,Standard Class
93,2018-07-13,Standard Class
94,2018-06-29,Standard Class
95,2015-08-05,First Class
96,2018-12-21,Second Class
97,2018-06-07,Standard Class
98,2018-12-14,Standard Class
99,2018-12-07,Standard Class
100,2016-02-13,Second Class
101,2016-01-09,Standard Class
102,2017-11-01,Standard Class
103,2016-12-27,First Class
104,2016-08-16,Standard Class
105,2016-03-04,Standard Class
106,2015-09-17,Standard Class
107,2018-04-12,Standard Class
108,2018-11-16,Standard Class
109,2017-06-09,Second Class
110,2015-06-06,Second Class
111,2017-12-15,Second Class
112,2017-09-17,Standard Class
113,2017-12-13,First Class
114,2016-12-04,Standard Class
115,2018-12-03,Second Class
116,2018-06-12,Standard Class
117,2015-09-21,Second Class
118,2017-06-13,Standard Class
119,2016-11-15,Standard Class
120,2018-06-20,Standard Class
121,2017-01-28,Standard Class
122,2018-12-13,Standard Class
123,2019-01-02,Second Class
124,2016-07-31,First Class
125,2018-09-17,First Class
126,2018-10-17,Standard Class
127,2016-09-28,Second Class
128,2016-10-02,Standard Class
129,2017-12-20,Second Class
130,2017-11-24,Second Class
131,2015-12-28,First Class
132,2017-11-03,Standard Class
133,2018-11-23,Standard Class
134,2016-05-09,Second Class
135,2016-01-04,Standard Class
136,2015-06-06,Standard Class
137,2018-04-17,First Class
138,2017-09-14,Second Class
139,2015-10-03,Standard Class
140,2015-08-16,Standard Class
141,2015-12-30,First Class
142,2015-11-09,Standard Class
143,2015-09-24,Standard Class
144,2017-04-27,Standard Class
145,2018-11-05,Second Class
146,2017-09-01,First Class
147,2017-04-29,Second Class
148,2016-09-04,Second Class
149,2015-07-17,Standard Class
150,2016-06-26,Second Class
151,2015-04-17,Second Class
152,2016-12-24,Standard Class
153,2018-06-19,Standard Class
154,2018-07-12,Standard Class
155,2017-09-03,First Class
156,2017-04-13,Standard Class
157,2017-04-28,Standard Class
158,2018-03-11,First Class
159,2018-10-01,Standard Class
160,2015-09-29,Standard Class
161,2017-10-21,Same Day
162,2018-06-04,Standard Class
163,2015-07-27,Standard Class
164,2017-10-01,First Class
165,2018-09-01,Standard Class
166,2017-10-29,First Class
167,2016-06-29,Second Class
168,2016-12-02,Standard Class
169,2016-12-07,Standard Class
170,2015-11-26,First Class
171,2018-12-15,Standard Class
172,2015-09-23,Second Class
173,2015-06-10,Second Class
174,2018-07-05,Standard Class
175,2018-10-19,Second Class
176,2016-11-04,Standard Class
177,2017-09-10,Second Class
178,2015-12-26,First Class
179,2015-04-20,Standard Class
180,2018-12-29,Standard Class
181,2018-12-12,Standard Class
182,2018-11-07,Standard Class
183,2018-06-28,Standard Class
184,2017-04-18,Standard Class
185,2018-11-10,Standard Class
186,2018-03-09,Standard Class
187,2015-06-25,First Class
188,2018-10-23,Standard Class
189,2018-08-23,Second Class
190,2018-11-26,Second Class
191,2015-09-13,First Class
192,2018-10-08,Standard Class
193,2017-04-21,Standard Class
194,2017-06-07,First Class
195,2015-12-25,Standard Class
196,2017-06-14,Second Class
197,2018-09-19,Standard Class
198,2018-01-23,Second Class
199,2018-03-25,Second Class
200,2017-04-03,Second Class
201,2018-10-24,Standard Class
202,2015-02-18,Standard Class
203,2017-10-01,Standard Class
204,2016-12-22,Standard Class
205,2017-04-29,Standard Class
206,2016-01-24,Standard Class
207,2018-04-04,Standard Class
208,2015-11-11,Second Class
209,2017-07-19,Standard Class
210,2017-11-02,Standard Class
211,2017-07-02,Standard Class
212,2015-10-10,Standard Class
213,2018-06-13,First Class
214,2015-10-31,First Class
215,2015-06-13,Second Class
216,2017-05-14,Standard Class
217,2017-03-21,Second Class
218,2017-07-31,Standard Class
219,2017-06-04,Standard Class
220,2018-11-15,Second Class
221,2016-03-22,Standard Class
222,2018-11-27,First Class
223,2017-10-23,First Class
224,2018-12-25,Standard Class
225,2018-01-27,Standard Class
226,2016-03-26,Standard Class
227,2018-01-25,First Class
228,2017-05-23,First Class
229,2017-01-02,Standard Class
230,2018-10-26,Standard Class
231,2016-09-07,Standard Class
232,2016-11-09,Second Class
233,2018-09-11,Standard Class
234,2017-06-01,Second Class
235,2017-07-16,Standard Class
236,2018-09-08,Second Class
237,2016-12-08,Standard Class
238,2016-12-11,Standard Class
239,2015-02-03,First Class
240,2017-07-17,First Class
241,2016-12-23,Standard Class
242,2015-05-16,Standard Class
243,2018-11-22,First Class
244,2016-11-17,Second Class
245,2017-04-17,Second Class
246,2018-09-12,First Class
247,2018-07-03,Second Class
248,2015-03-07,Second Class
249,2017-06-15,Standard Class
250,2018-11-22,Second Class
251,2015-09-18,Second Class
252,2016-12-09,First Class
253,2018-12-10,First Class
254,2019-01-04,Standard Class
255,2017-11-07,Standard Class
256,2016-09-22,Second Class
257,2018-07-26,Standard Class
258,2016-09-14,Standard Class
259,2018-12-05,Standard Class
260,2016-07-09,Standard Class
261,2017-03-24,Standard Class
262,2015-01-13,Standard Class
263,2015-08-15,Standard Class
264,2017-07-16,First Class
265,2017-07-21,Standard Class
266,2015-03-19,Standard Class
267,2015-05-27,Standard Class
268,2017-05-01,First Class
269,2017-09-13,Second Class
270,2018-11-17,Second Class
271,2015-12-31,Standard Class
272,2016-12-03,Standard Class
273,2018-05-23,Standard Class
274,2018-12-21,Standard Class
275,2017-12-13,Second Class
276,2018-09-26,Second Class
277,2016-10-09,Second Class
278,2017-08-21,Standard Class
279,2017-05-25,Standard Class
280,2017-12-22,Standard Class
281,2018-08-03,Second Class
282,2018-06-15,Standard Class
283,2018-07-25,Standard Class
284,2019-01-05,Standard Class
285,2017-04-08,Standard Class
286,2017-12-16,Second Class
287,2017-10-29,Standard Class
288,2018-06-23,Standard Class
289,2017-08-28,Standard Class
290,2017-09-19,Same Day
291,2016-08-28,Standard Class
292,2017-03-30,Standard Class
293,2017-11-04,Same Day
294,2018-06-10,Second Class
295,2018-06-13,Standard Class
296,2018-06-22,Standard Class
297,2018-12-08,First Class
298,2018-03-23,Standard Class
299,2018-11-04,Same Day
300,2015-07-08,First Class
301,2015-06-23,Second Class
302,2016-04-02,Standard Class
303,2016-05-17,First Class
304,2018-09-08,Standard Class
305,2017-11-08,Second Class
306,2016-04-14,Standard Class
307,2015-12-04,First Class
308,2015-04-07,First Class
309,2018-09-07,Standard Class
310,2018-05-24,Standard Class
311,2015-07-06,Second Class
312,2015-01-14,First Class
313,2018-09-29,Standard Class
314,2015-06-07,Standard Class
315,2017-02-18,Standard Class
316,2017-12-19,Standard Class
317,2015-10-13,Standard Class
318,2017-07-12,Standard Class
319,2018-09-20,Standard Class
320,2017-12-06,First Class
321,2018-01-25,Standard Class
322,2015-01-08,Standard Class
323,2017-09-01,Standard Class
324,2015-05-27,Same Day
325,2017-03-22,Second Class
326,2018-10-06,Standard Class
327,2017-04-09,First Class
328,2016-12-12,Standard Class
329,2016-01-02,Standard Class
330,2018-07-28,Standard Class
331,2018-09-22,Standard Class
332,2016-09-05,Standard Class
333,2016-02-13,Standard Class
334,2015-01-15,Second Class
335,2015-05-20,Standard Class
336,2017-05-24,Standard Class
337,2018-02-05,Standard Class
338,2015-07-06,Standard Class
339,2016-08-23,First Class
340,2016-10-06,Second Class
341,2016-05-28,Standard Class
342,2018-03-21,Second Class
343,2016-12-16,Standard Class
344,2016-06-30,Standard Class
345,2017-05-20,Same Day
346,2015-09-26,Standard Class
347,2018-09-26,Standard Class
348,2016-12-26,First Class
349,2018-02-23,First Class
350,2017-08-23,Second Class
351,2017-03-17,Standard Class
352,2018-04-24,First Class
353,2015-11-07,Standard Class
354,2016-02-05,First Class
355,2015-10-15,First Class
356,2018-05-14,Same Day
357,2016-03-23,First Class
358,2017-09-19,Standard Class
359,2015-07-02,Standard Class
360,2018-06-27,Standard Class
361,2015-05-15,Standard Class
362,2018-08-28,Standard Class
363,2018-06-21,Second Class
364,2017-07-27,Standard Class
365,2015-09-13,Second Class
366,2018-11-11,Standard Class
367,2017-03-12,Standard Class
368,2016-11-25,Standard Class
369,2017-11-09,First Class
370,2016-10-17,Standard Class
371,2018-01-06,Standard Class
372,2015-02-12,Standard Class
373,2017-06-25,Second Class
374,2017-02-24,Standard Class
375,2015-08-08,Standard Class
376,2018-04-15,Standard Class
377,2015-06-16,Standard Class
378,2017-01-07,Second Class
379,2015-01-15,Standard Class
380,2017-10-02,First Class
381,2015-04-10,Standard Class
382,2017-09-05,First Class
383,2016-10-20,First Class
384,2015-12-15,Standard Class
385,2018-08-29,Standard Class
386,2017-01-21,Standard Class
387,2015-09-21,Standard Class
388,2018-12-02,Second Class
389,2016-10-13,Standard Class
390,2018-12-23,Same Day
391,2017-10-24,First Class
392,2015-05-04,Standard Class
393,2016-04-28,Second Class
394,2018-07-02,Standard Class
395,2018-10-19,Standard Class
396,2015-12-16,Standard Class
397,2018-06-26,Standard Class
398,2018-06-27,First Class
399,2017-11-12,First Class
400,2017-10-06,Second Class
401,2015-09-15,Standard Class
402,2018-10-31,Second Class
403,2017-04-12,First Class
404,2018-11-13,First Class
405,2017-04-12,Standard Class
406,2019-01-03,Standard Class
407,2016-06-07,Standard Class
408,2018-11-29,First Class
409,2015-06-21,Standard Class
410,2017-03-11,Standard Class
411,2015-12-12,Standard Class
412,2016-04-15,Standard Class
413,2017-09-20,Standard Class
414,2015-09-16,First Class
415,2016-10-09,Standard Class
416,2018-09-06,Standard Class
417,2017-06-24,Standard Class
418,2018-11-06,First Class
419,2016-12-17,Standard Class
420,2017-06-20,First Class
421,2017-12-20,Standard Class
422,2016-07-28,First Class
423,2018-12-02,Standard Class
424,2018-04-07,Standard Class
425,2019-01-01,Standard Class
426,2018-12-04,Standard Class
427,2018-05-18,Second Class
428,2016-09-22,Same Day
429,2018-11-19,Standard Class
430,2016-12-01,Standard Class
431,2017-09-04,First Class
432,2015-09-24,Second Class
433,2018-04-11,First Class
434,2015-01-18,Second Class
435,2018-10-08,Second Class
436,2018-07-15,Standard Class
437,2018-01-10,First Class
438,2017-05-31,First Class
439,2016-12-12,First Class
440,2017-10-08,Standard Class
441,2015-11-14,Second Class
442,2018-10-05,Standard Class
443,2016-03-10,Same Day
444,2018-05-26,Standard Class
445,2016-03-31,Second Class
446,2017-09-11,First Class
447,2017-08-27,First Class
448,2015-05-25,Standard Class
449,2016-11-03,Standard Class
450,2017-11-17,Standard Class
451,2016-07-31,Same Day
452,2016-08-31,Standard Class
453,2016-11-09,First Class
454,2018-08-03,First Class
455,2016-12-24,Second Class
456,2016-09-19,Second Class
457,2016-07-10,Standard Class
458,2016-05-03,Standard Class
459,2016-06-20,Standard Class
460,2018-12-20,First Class
461,2017-01-13,Second Class
462,2015-07-15,Standard Class
463,2017-11-22,First Class
464,2017-04-26,Standard Class
465,2016-06-14,First Class
466,2018-11-21,First Class
467,2017-09-09,Second Class
468,2018-07-12,First Class
469,2018-10-16,Standard Class
470,2017-03-13,Standard Class
471,2015-06-01,Second Class
472,2016-07-05,First Class
473,2016-04-08,Standard Class
474,2018-12-17,Standard Class
475,2017-12-01,Standard Class
476,2016-03-29,Standard Class
477,2016-04-21,Standard Class
478,2018-09-30,Second Class
479,2016-07-29,Standard Class
480,2017-05-02,Standard Class
481,2017-11-19,Standard Class
482,2017-09-30,First Class
483,2018-09-25,Second Class
484,2017-03-05,Standard Class
485,2017-08-12,Same Day
486,2017-08-20,Second Class
487,2018-06-10,Standard Class
488,2016-12-13,Standard Class
489,2018-01-26,Standard Class
490,2015-06-28,First Class
491,2017-06-17,First Class
492,2018-04-27,Standard Class
493,2017-10-27,Standard Class
494,2018-12-23,Second Class
495,2017-07-24,Second Class
496,2015-01-26,Standard Class
497,2016-03-07,Standard Class
498,2017-04-16,Standard Class
499,2017-12-07,First Class
500,2017-06-09,Standard Class
501,2017-12-11,Same Day
502,2017-11-15,Second Class
503,2016-04-04,Same Day
504,2016-05-14,Standard Class
505,2015-12-21,First Class
506,2017-07-07,Second Class
507,2018-07-04,Standard Class
508,2015-09-05,Second Class
509,2015-03-08,Standard Class
510,2015-05-08,Standard Class
511,2016-11-02,Same Day
512,2018-12-10,Second Class
513,2015-03-14,Standard Class
514,2015-04-25,Standard Class
515,2016-10-26,Standard Class
516,2016-08-25,First Class
517,2017-09-03,Standard Class
518,2015-12-30,Second Class
519,2017-12-05,Standard Class
520,2017-04-27,Second Class
521,2015-06-25,Standard Class
522,2018-01-15,First Class
523,2015-11-30,Standard Class
524,2018-02-28,Second Class
525,2016-09-15,Same Day
526,2017-07-24,Standard Class
527,2018-08-04,First Class
528,2017-07-18,Second Class
529,2018-09-13,Standard Class
530,2015-07-16,Standard Class
531,2017-12-05,First Class
532,2016-11-02,Second Class
533,2017-06-01,First Class
534,2017-10-28,Same Day
535,2017-09-04,Standard Class
536,2017-02-22,Standard Class
537,2018-05-21,Standard Class
538,2015-12-14,Second Class
539,2018-12-24,Standard Class
540,2018-03-14,Standard Class
541,2017-12-28,Second Class
542,2018-10-27,Standard Class
543,2017-11-04,Standard Class
544,2018-07-09,Second Class
545,2015-12-29,Standard Class
546,2018-09-27,Standard Class
547,2018-06-08,Standard Class
548,2017-05-26,Same Day
549,2017-05-07,Standard Class
550,2015-09-11,First Class
551,2017-09-06,First Class
552,2017-07-03,Standard Class
553,2016-07-08,Standard Class
554,2017-11-26,Standard Class
555,2016-09-01,Standard Class
556,2016-05-29,Standard Class
557,2017-12-12,Second Class
558,2016-10-07,First Class
559,2017-12-25,Second Class
560,2016-09-24,Second Class
561,2018-07-07,Standard Class
562,2017-07-16,Second Class
563,2017-06-21,First Class
564,2017-12-23,Standard Class
565,2015-07-05,Standard Class
566,2018-02-08,Standard Class
567,2018-03-08,Standard Class
568,2018-10-10,First Class
569,2015-05-30,First Class
570,2016-06-18,Standard Class
571,2017-04-01,First Class
572,2018-10-18,Second Class
573,2017-05-27,Standard Class
574,2018-06-06,Standard Class
575,2015-02-21,Standard Class
576,2015-05-10,Standard Class
577,2017-05-23,Standard Class
578,2018-04-02,Second Class
579,2018-01-04,First Class
580,2016-06-01,Standard Class
581,2015-03-24,Standard Class
582,2015-10-08,Second Class
583,2017-03-31,First Class
584,2018-05-09,Standard Class
585,2015-07-05,Same Day
586,2017-05-07,First Class
587,2018-04-27,First Class
588,2015-10-01,Second Class
589,2018-10-25,Standard Class
590,2018-11-11,First Class
591,2018-07-11,First Class
592,2016-12-28,Standard Class
593,2018-03-12,Standard Class
594,2015-04-06,Second Class
595,2016-09-19,Standard Class
596,2015-08-09,Second Class
597,2017-09-09,Standard Class
598,2017-02-05,Same Day
599,2018-07-04,First Class
600,2018-10-14,Standard Class
601,2017-11-26,First Class
602,2017-11-05,Standard Class
603,2017-04-25,Standard Class
604,2015-04-08,First Class
605,2017-09-06,Standard Class
606,2017-09-30,Standard Class
607,2017-07-13,Standard Class
608,2018-01-31,Second Class
609,2016-09-24,First Class
610,2016-11-04,Second Class
611,2018-11-30,Standard Class
612,2015-12-21,Second Class
613,2017-12-30,Standard Class
614,2016-10-15,Same Day
615,2018-04-15,Second Class
616,2018-12-24,Second Class
617,2018-08-08,First Class
618,2016-10-06,Standard Class
619,2017-05-28,Standard Class
620,2018-06-16,First Class
621,2015-04-24,First Class
622,2016-05-07,Standard Class
623,2016-07-20,First Class
624,2017-11-29,First Class
625,2016-08-21,Standard Class
626,2015-05-04,Same Day
627,2017-03-15,Standard Class
628,2017-08-28,First Class
629,2017-12-19,First Class
630,2015-08-14,Standard Class
631,2016-05-16,Same Day
632,2016-09-27,Second Class
633,2016-12-02,Same Day
634,2017-11-25,Standard Class
635,2018-03-24,Standard Class
636,2018-11-20,First Class
637,2017-12-08,Standard Class
638,2018-08-28,Second Class
639,2017-10-18,Standard Class
640,2015-12-03,Standard Class
641,2016-11-07,Standard Class
642,2015-12-06,Standard Class
643,2018-05-05,Second Class
644,2018-11-03,Standard Class
645,2015-12-19,Second Class
646,2017-10-20,First Class
647,2018-11-18,Standard Class
648,2016-08-07,Standard Class
649,2018-12-10,Same Day
650,2018-09-15,First Class
651,2018-07-01,Standard Class
652,2018-08-22,Standard Class
653,2018-12-14,Second Class
654,2015-02-06,Second Class
655,2018-02-14,Second Class
656,2018-04-21,Standard Class
657,2016-11-10,Second Class
658,2016-03-31,Standard Class
659,2018-09-05,Standard Class
660,2018-02-14,Standard Class
661,2015-03-16,Second Class
662,2015-02-08,Standard Class
663,2016-01-04,Second Class
664,2016-11-27,Standard Class
665,2018-11-18,Second Class
666,2017-06-22,Standard Class
667,2015-05-05,First Class
668,2018-10-21,Standard Class
669,2017-05-15,Standard Class
670,2016-03-18,Second Class
671,2015-04-09,Standard Class
672,2018-09-06,First Class
673,2018-06-30,Same Day
674,2016-11-09,Same Day
675,2015-03-04,Same Day
676,2016-03-25,Standard Class
677,2016-11-30,First Class
678,2018-06-11,Same Day
679,2015-11-25,First Class
680,2015-12-18,First Class
681,2017-03-01,First Class
682,2016-08-12,First Class
683,2017-05-16,Standard Class
684,2017-04-19,Standard Class
685,2016-06-25,Second Class
686,2015-10-19,Same Day
687,2016-03-27,First Class
688,2018-05-12,Standard Class
689,2018-10-18,First Class
690,2018-11-21,Second Class
691,2017-05-13,Second Class
692,2017-04-24,Second Class
693,2015-05-30,Standard Class
694,2017-03-19,Standard Class
695,2016-11-22,Standard Class
696,2018-06-25,Second Class
697,2017-05-08,Same Day
698,2015-12-02,Standard Class
699,2017-06-01,Standard Class
700,2015-12-04,Standard Class
701,2016-03-20,First Class
702,2016-11-03,First Class
703,2016-09-29,Second Class
704,2015-08-29,Same Day
705,2015-05-15,First Class
706,2018-11-06,Standard Class
707,2018-05-06,Standard Class
708,2017-11-26,Second Class
709,2016-01-15,Standard Class
710,2017-03-25,First Class
711,2015-09-13,Standard Class
712,2017-10-01,Second Class
713,2017-11-12,Standard Class
714,2018-12-12,First Class
715,2015-08-20,Standard Class
716,2017-06-29,Second Class
717,2015-06-07,Second Class
718,2016-07-15,Second Class
719,2015-02-06,Standard Class
720,2017-03-08,Same Day
721,2018-11-05,Standard Class
722,2016-02-04,Standard Class
723,2018-09-13,Second Class
724,2018-10-13,Standard Class
725,2017-05-04,Standard Class
726,2016-12-25,Standard Class
727,2016-12-20,First Class
728,2018-05-04,Second Class
729,2017-02-07,Same Day
730,2017-07-14,Standard Class
731,2018-08-01,Second Class
732,2016-09-09,Standard Class
733,2015-06-09,First Class
734,2017-08-17,Second Class
735,2015-04-29,Standard Class
736,2018-10-17,First Class
737,2018-12-05,First Class
738,2016-12-11,Second Class
739,2016-07-15,First Class
740,2015-05-17,Standard Class
741,2015-01-12,Standard Class
742,2017-08-08,Standard Class
743,2015-03-26,Standard Class
744,2017-11-29,Second Class
745,2015-05-03,Standard Class
746,2016-11-28,Standard Class
747,2017-11-16,Standard Class
748,2016-07-13,Standard Class
749,2016-02-19,Standard Class
750,2015-10-04,Standard Class
751,2015-12-03,First Class
752,2015-12-13,Standard Class
753,2017-09-10,Standard Class
754,2018-08-30,First Class
755,2017-07-11,Standard Class
756,2017-08-10,Second Class
757,2017-12-28,First Class
758,2017-02-13,First Class
759,2015-06-11,Second Class
760,2018-11-26,Standard Class
761,2016-09-18,Standard Class
762,2016-06-04,Same Day
763,2016-12-15,Second Class
764,2015-05-29,Standard Class
765,2017-02-20,Standard Class
766,2017-12-28,Standard Class
767,2017-02-11,Second Class
768,2015-05-24,Standard Class
769,2018-10-21,Same Day
770,2016-11-09,Standard Class
771,2018-08-07,Standard Class
772,2015-06-24,First Class
773,2018-02-21,Second Class
774,2015-08-05,Standard Class
775,2017-07-23,Standard Class
776,2016-02-11,Second Class
777,2018-08-02,Standard Class
778,2018-01-17,Second Class
779,2018-09-10,Same Day
780,2016-07-25,Second Class
781,2015-06-17,Standard Class
782,2018-05-15,Second Class
783,2016-09-05,First Class
784,2018-03-27,First Class
785,2015-11-12,Same Day
786,2017-10-17,Standard Class
787,2018-11-12,Same Day
788,2018-04-18,First Class
789,2016-07-01,Standard Class
790,2017-08-29,Second Class
791,2015-07-25,Standard Class
792,2018-11-25,Standard Class
793,2015-06-09,Standard Class
794,2017-03-16,Standard Class
795,2018-03-29,Standard Class
796,2019-01-02,Standard Class
797,2018-04-02,Standard Class
798,2016-03-05,Same Day
799,2017-04-26,Second Class
800,2015-10-22,First Class
801,2015-03-18,Standard Class
802,2017-11-29,Standard Class
803,2017-01-04,Standard Class
804,2018-10-06,First Class
805,2015-09-02,Second Class
806,2017-07-03,Second Class
807,2017-08-23,First Class
808,2018-10-22,First Class
809,2018-10-24,First Class
810,2017-05-21,Standard Class
811,2016-02-04,First Class
812,2018-12-23,Standard Class
813,2017-11-22,Standard Class
814,2018-07-06,Second Class
815,2015-01-17,First Class
816,2018-05-05,Standard Class
817,2016-11-14,Standard Class
818,2016-11-01,Second Class
819,2018-08-19,First Class
820,2017-07-10,Second Class
821,2018-12-07,Second Class
822,2018-03-13,Standard Class
823,2018-12-01,First Class
824,2018-03-18,Second Class
825,2018-08-10,Second Class
826,2018-12-03,Standard Class
827,2016-05-27,Second Class
828,2018-09-01,First Class
829,2017-06-26,Standard Class
830,2018-09-15,Second Class
831,2018-12-28,Standard Class
832,2018-05-11,Standard Class
833,2015-12-19,Standard Class
834,2015-10-20,Second Class
835,2016-05-12,Standard Class
836,2017-04-14,Same Day
837,2016-12-16,Second Class
838,2015-12-09,Standard Class
839,2015-11-27,Second Class
840,2017-07-27,First Class
841,2016-11-13,Standard Class
842,2018-02-28,Standard Class
843,2018-12-04,Second Class
844,2015-02-09,First Class
845,2018-04-18,Standard Class
846,2018-12-28,Second Class
847,2015-11-21,Standard Class
848,2016-12-11,Same Day
849,2016-03-23,Standard Class
850,2017-09-21,First Class
851,2018-08-22,Second Class
852,2016-03-15,First Class
853,2016-01-27,Standard Class
854,2016-06-23,Standard Class
855,2016-10-08,Standard Class
856,2015-08-23,Standard Class
857,2016-07-13,First Class
858,2017-12-07,Standard Class
859,2018-12-25,First Class
860,2015-11-04,Standard Class
861,2016-04-19,Standard Class
862,2017-07-23,Second Class
863,2018-11-12,Second Class
864,2015-12-05,Standard Class
865,2016-12-29,Standard Class
866,2018-03-01,Standard Class
867,2015-11-29,Standard Class
868,2017-06-28,Standard Class
869,2016-10-30,Standard Class
870,2018-07-19,Standard Class
871,2016-04-15,Second Class
872,2016-11-29,Standard Class
873,2017-05-20,Standard Class
874,2018-09-12,Standard Class
875,2015-03-17,Standard Class
876,2015-07-18,Same Day
877,2018-03-28,Second Class
878,2015-10-05,Standard Class
879,2015-09-26,Same Day
880,2016-10-31,Same Day
881,2016-10-17,Second Class
882,2018-04-15,First Class
883,2018-01-13,Standard Class
884,2018-09-24,Second Class
885,2015-06-28,Standard Class
886,2015-05-22,Second Class
887,2017-01-05,Standard Class
888,2018-11-16,Same Day
889,2015-06-11,Standard Class
890,2017-09-05,Standard Class
891,2017-06-29,Standard Class
892,2015-12-17,Standard Class
893,2018-04-05,Standard Class
894,2015-11-29,Second Class
895,2017-07-18,Standard Class
896,2017-05-05,Standard Class
897,2017-07-27,Second Class
898,2017-05-14,Same Day
899,2017-01-12,Standard Class
900,2018-03-19,Standard Class
901,2018-01-30,Second Class
902,2015-08-03,First Class
903,2017-08-04,Standard Class
904,2016-08-03,Second Class
905,2017-10-21,Standard Class
906,2017-05-11,Standard Class
907,2018-08-04,Second Class
908,2017-07-14,Same Day
909,2018-08-15,Standard Class
910,2017-12-06,Standard Class
911,2016-07-05,Standard Class
912,2017-09-12,Second Class
913,2015-07-20,Standard Class
914,2016-08-26,Standard Class
915,2015-11-16,Second Class
916,2017-11-30,First Class
917,2018-10-02,First Class
918,2018-08-01,Standard Class
919,2016-12-06,Same Day
920,2018-08-05,Standard Class
921,2018-08-03,Standard Class
922,2017-10-05,Standard Class
923,2015-04-05,Standard Class
924,2018-07-14,Standard Class
925,2018-12-10,Standard Class
926,2016-09-17,Second Class
927,2018-04-26,Standard Class
928,2017-11-17,Second Class
929,2016-02-18,Second Class
930,2016-10-01,First Class
931,2018-06-19,First Class
932,2016-12-18,Same Day
933,2018-02-09,First Class
934,2017-11-16,Second Class
935,2018-10-12,Same Day
936,2018-09-17,Same Day
937,2018-12-26,Standard Class
938,2016-09-27,Standard Class
939,2016-03-11,Standard Class
940,2015-07-01,Standard Class
941,2018-11-02,First Class
942,2016-03-09,Standard Class
943,2017-05-08,First Class
944,2018-06-05,Second Class
945,2018-01-11,First Class
946,2016-04-25,Standard Class
947,2016-11-05,Standard Class
948,2018-09-22,Second Class
949,2017-12-24,First Class
950,2016-08-08,First Class
951,2018-11-09,Standard Class
952,2018-06-12,First Class
953,2017-01-03,Second Class
954,2018-09-26,First Class
955,2017-09-26,Second Class
956,2018-03-25,Standard Class
957,2015-08-23,Same Day
958,2015-08-24,Standard Class
959,2017-11-15,Standard Class
960,2016-01-03,First Class
961,2015-07-30,Second Class
962,2017-02-28,Standard Class
963,2017-03-18,Standard Class
964,2018-12-03,Same Day
965,2016-09-02,First Class
966,2015-03-21,Standard Class
967,2015-11-26,Second Class
968,2018-02-13,First Class
969,2017-09-27,Standard Class
970,2017-07-11,Second Class
971,2018-01-30,Standard Class
972,2015-08-21,Second Class
973,2017-05-10,Standard Class
974,2018-03-26,First Class
975,2016-12-15,First Class
976,2016-12-10,Standard Class
977,2017-03-23,Standard Class
978,2016-11-19,Standard Class
979,2018-08-16,Second Class
980,2018-04-04,Second Class
981,2017-10-03,Standard Class
982,2018-10-11,Standard Class
983,2018-03-25,First Class
984,2015-08-06,Standard Class
985,2016-06-09,Second Class
986,2015-11-16,Standard Class
987,2018-01-02,Standard Class
988,2016-07-11,Standard Class
989,2018-10-18,Standard Class
990,2018-11-14,Standard Class
991,2017-04-23,Standard Class
992,2017-06-17,Standard Class
993,2018-05-20,Standard Class
994,2015-04-01,Standard Class
995,2018-06-01,Standard Class
996,2016-11-17,First Class
997,2018-07-10,Standard Class
998,2015-11-20,Second Class
999,2018-07-22,Standard Class
1000,2016-10-01,Standard Class
1001,2017-11-06,Standard Class
1002,2018-03-22,Second Class
1003,2018-08-21,Standard Class
1004,2016-07-13,Second Class
1005,2018-12-09,Standard Class
1006,2018-05-08,Standard Class
1007,2017-11-06,First Class
1008,2018-06-25,Standard Class
1009,2018-12-31,Standard Class
1010,2018-09-03,Standard Class
1011,2016-10-13,Second Class
1012,2015-12-15,Second Class
1013,2015-11-23,Standard Class
1014,2015-06-22,Standard Class
1015,2018-06-23,First Class
1016,2015-07-27,Second Class
1017,2016-07-02,Same Day
1018,2017-11-23,Standard Class
1019,2016-04-19,First Class
1020,2018-12-06,Standard Class
1021,2015-09-10,Standard Class
1022,2015-11-22,Standard Class
1023,2018-05-07,Standard Class
1024,2015-10-29,Standard Class
1025,2015-08-21,Standard Class
1026,2018-08-18,Second Class
1027,2016-09-08,First Class
1028,2016-01-29,Second Class
1029,2016-07-16,Same Day
1030,2017-09-14,Standard Class
1031,2016-08-22,Standard Class
1032,2017-09-18,Standard Class
1033,2017-08-20,Standard Class
1034,2017-10-14,Standard Class
1035,2016-03-30,Standard Class
1036,2016-06-04,Standard Class
1037,2016-03-22,Second Class
1038,2018-12-24,First Class
1039,2018-11-03,Second Class
1040,2018-12-27,Same Day
1041,2018-07-21,Standard Class
1042,2017-08-15,Second Class
1043,2015-11-27,Standard Class
1044,2015-01-31,Standard Class
1045,2016-11-10,Standard Class
1046,2018-07-06,Standard Class
1047,2017-05-09,Standard Class
1048,2018-05-17,Standard Class
1049,2018-04-29,Standard Class
1050,2017-06-04,Same Day
1051,2015-12-21,Standard Class
1052,2017-03-10,Standard Class
1053,2015-12-06,Second Class
1054,2018-11-15,First Class
1055,2016-09-15,Standard Class
1056,2016-07-10,Second Class
1057,2016-08-19,Standard Class
1058,2018-06-18,Standard Class
1059,2016-02-25,Standard Class
1060,2017-12-30,First Class
1061,2017-04-21,Second Class
1062,2015-09-12,Second Class
1063,2018-09-21,Second Class
1064,2017-05-04,First Class
1065,2017-10-01,Same Day
1066,2016-08-30,Standard Class
1067,2015-06-21,Same Day
1068,2017-08-05,First Class
1069,2016-11-14,First Class
1070,2015-07-02,First Class
1071,2018-12-08,Standard Class
1072,2015-10-20,Standard Class
1073,2017-02-09,First Class
1074,2015-03-23,Standard Class
1075,2018-07-13,Second Class
1076,2018-06-21,Standard Class
1077,2016-02-06,Standard Class
1078,2016-12-15,Standard Class
1079,2018-10-11,First Class
1080,2016-12-06,Standard Class
1081,2015-12-08,Standard Class
1082,2015-12-08,Second Class
1083,2015-11-08,Second Class
1084,2017-04-19,Second Class
1085,2015-10-08,Standard Class
1086,2018-02-19,Standard Class
1087,2016-02-23,Second Class
1088,2017-02-27,Second Class
1089,2015-11-08,Standard Class
1090,2018-08-11,Second Class
1091,2015-08-11,Second Class
1092,2017-06-13,Second Class
1093,2015-05-29,First Class
1094,2018-10-14,First Class
1095,2018-01-18,First Class
1096,2016-04-07,Standard Class
1097,2017-10-25,Standard Class
1098,2016-07-19,Second Class
1099,2018-05-08,First Class
1100,2018-11-27,Standard Class
1101,2017-10-15,Standard Class
1102,2016-09-23,First Class
1103,2015-09-22,First Class
1104,2015-04-17,Standard Class
1105,2017-10-28,First Class
1106,2016-11-04,First Class
1107,2018-11-08,Standard Class
1108,2016-05-16,Standard Class
1109,2016-09-11,Standard Class
1110,2016-07-27,Second Class
1111,2016-11-18,Second Class
1112,2018-01-05,Standard Class
1113,2018-09-20,First Class
1114,2015-09-30,Standard Class
1115,2017-04-26,First Class
1116,2015-11-05,Standard Class
1117,2017-06-12,First Class
1118,2016-09-08,Second Class
1119,2018-09-04,Second Class
1120,2018-03-27,Standard Class
1121,2018-05-22,Standard Class
1122,2017-12-31,Standard Class
1123,2017-12-03,Standard Class
1124,2017-06-05,First Class
1125,2018-12-22,Standard Class
1126,2018-08-20,Same Day
1127,2018-07-31,Standard Class
1128,2017-08-29,First Class
1129,2018-08-17,Standard Class
1130,2018-08-13,Same Day
1131,2017-11-12,Second Class
1132,2018-11-22,Standard Class
1133,2018-12-31,First Class
1134,2017-01-23,Second Class
1135,2017-01-19,Standard Class
1136,2017-09-23,Second Class
1137,2015-02-25,Standard Class
1138,2017-02-03,Standard Class
1139,2017-10-22,Standard Class
1140,2018-12-19,First Class
1141,2015-05-01,Second Class
1142,2018-10-29,Standard Class
1143,2015-04-03,Standard Class
1144,2017-01-09,Standard Class
1145,2016-04-30,Standard Class
1146,2016-09-17,Standard Class
1147,2017-07-01,Standard Class
1148,2018-02-23,Standard Class
1149,2017-11-23,Same Day
1150,2018-01-30,Same Day
1151,2016-12-03,Second Class
1152,2015-07-04,Standard Class
1153,2015-09-05,First Class
1154,2018-07-14,Second Class
1155,2018-11-24,Standard Class
1156,2016-08-08,Same Day
1157,2017-12-12,Standard Class
1158,2018-03-31,Standard Class
1159,2017-11-05,First Class
1160,2018-12-18,Standard Class
1161,2017-08-24,Standard Class
1162,2018-05-01,Standard Class
1163,2018-11-09,Second Class
1164,2018-12-20,Standard Class
1165,2018-12-04,Same Day
1166,2015-01-16,Second Class
1167,2016-06-17,Standard Class
1168,2015-07-18,Standard Class
1169,2015-12-11,Second Class
1170,2017-05-30,Standard Class
1171,2017-02-26,Second Class
1172,2017-10-06,Standard Class
1173,2018-03-17,Standard Class
1174,2015-07-21,Standard Class
1175,2017-09-10,First Class
1176,2015-05-21,Standard Class
1177,2018-10-15,First Class
1178,2017-07-29,Standard Class
1179,2018-04-23,Standard Class
1180,2017-08-30,Standard Class
1181,2015-08-24,Same Day
1182,2017-03-28,Standard Class
1183,2018-09-21,Standard Class
1184,2016-06-16,Standard Class
1185,2018-09-12,Same Day
1186,2016-05-02,Second Class
1187,2018-11-10,Second Class
1188,2018-04-04,First Class
1189,2017-04-14,Second Class
1190,2018-10-24,Second Class
1191,2018-03-07,Standard Class
1192,2016-11-29,First Class
1193,2018-11-30,Same Day
1194,2017-01-05,First Class
1195,2015-07-24,Standard Class
1196,2018-09-05,First Class
1197,2018-06-02,Standard Class
1198,2015-02-03,Standard Class
1199,2017-03-08,Standard Class
1200,2016-08-23,Same Day
1201,2018-04-19,Standard Class
1202,2018-12-27,Second Class
1203,2016-06-12,First Class
1204,2015-12-17,First Class
1205,2015-08-26,First Class
1206,2016-04-28,First Class
1207,2015-12-12,Same Day
1208,2018-09-27,Second Class
1209,2018-02-13,Second Class
1210,2015-07-03,Second Class
1211,2017-06-10,First Class
1212,2016-12-18,First Class
1213,2018-07-24,Standard Class
1214,2015-08-05,Second Class
1215,2017-03-27,First Class
1216,2015-09-16,Second Class
1217,2017-10-31,First Class
1218,2017-06-03,Standard Class
1219,2018-12-26,Second Class
1220,2018-12-11,Standard Class
1221,2015-11-09,First Class
1222,2018-10-22,Second Class
1223,2017-01-01,Standard Class
1224,2015-09-04,First Class
1225,2017-08-13,Standard Class
1226,2016-07-10,Same Day
1227,2015-12-07,Standard Class
1228,2015-05-20,Second Class
1229,2017-01-15,Standard Class
1230,2015-12-28,Standard Class
1231,2018-07-10,First Class
1232,2015-10-05,First Class
1233,2018-09-05,Second Class
1234,2018-04-22,Standard Class
1235,2017-04-27,First Class
1236,2017-01-15,Same Day
1237,2017-05-02,Same Day
1238,2017-11-27,Standard Class
1239,2017-02-03,First Class
1240,2018-04-05,Second Class
1241,2018-12-12,Second Class
1242,2017-09-21,Standard Class
1243,2017-12-29,Standard Class
1244,2018-04-19,First Class
1245,2018-10-30,Second Class
1246,2016-08-14,Standard Class
1247,2017-12-14,Second Class
1248,2015-11-15,First Class
1249,2015-11-19,First Class
1250,2017-03-08,Second Class
1251,2015-10-15,Standard Class
1252,2015-07-19,Standard Class
1253,2016-12-29,Second Class
1254,2016-02-16,Standard Class
1255,2015-04-09,Second Class
1256,2015-10-06,Standard Class
1257,2018-02-25,Standard Class
1258,2015-12-30,Standard Class
1259,2015-08-18,First Class
1260,2018-10-03,First Class
1261,2016-05-30,Standard Class
1262,2016-01-01,Second Class
1263,2016-11-11,Standard Class
1264,2017-03-25,Second Class
1265,2015-10-01,Standard Class
1266,2016-07-27,Standard Class
1267,2015-11-15,Standard Class
1268,2018-08-22,First Class
1269,2017-09-01,Second Class
1270,2016-08-20,Standard Class
1271,2018-11-07,First Class
1272,2015-09-28,Standard Class
1273,2016-06-08,Second Class
1274,2016-12-20,Standard Class
1275,2015-02-02,First Class
1276,2017-03-25,Same Day
1277,2018-09-30,Standard Class
1278,2017-11-04,First Class
1279,2018-03-21,Standard Class
1280,2018-11-24,First Class
1281,2016-12-09,Second Class
1282,2018-03-30,Second Class
1283,2015-08-13,Standard Class
1284,2018-06-10,Same Day
1285,2018-07-08,Standard Class
1286,2015-11-26,Standard Class
1287,2016-05-05,First Class
1288,2018-06-05,Standard Class
1289,2016-10-17,Same Day
1290,2015-04-27,Standard Class
1291,2017-09-24,Standard Class
1292,2017-09-02,Same Day
1293,2016-09-13,Standard Class
1294,2016-09-28,Standard Class
1295,2018-12-09,First Class
1296,2016-09-29,First Class
1297,2018-10-30,Same Day
1298,2016-11-30,Same Day
1299,2015-03-14,Second Class
1300,2017-08-02,Standard Class
1301,2017-08-07,First Class
1302,2017-10-13,Standard Class
1303,2015-09-14,Standard Class
1304,2015-03-21,Second Class
1305,2016-03-02,Second Class
1306,2016-07-14,Standard Class
1307,2017-02-27,Standard Class
1308,2018-09-18,First Class
1309,2017-11-30,Standard Class
1310,2018-12-05,Second Class
1311,2018-11-17,Standard Class
1312,2018-03-10,Standard Class
1313,2015-09-05,Standard Class
1314,2017-12-14,Standard Class
1315,2015-04-10,First Class
1316,2015-08-29,First Class
1317,2017-10-26,Standard Class
1318,2017-11-30,Same Day
1319,2016-07-06,Standard Class
1320,2018-09-28,Standard Class
1321,2017-08-15,Standard Class
1322,2018-04-10,Same Day
1323,2015-06-24,Standard Class
1324,2017-12-24,Standard Class
1325,2017-08-12,First Class
1326,2016-06-25,First Class
1327,2017-11-25,Second Class
1328,2017-11-28,Standard Class
1329,2018-12-15,Second Class
1330,2016-09-23,Standard Class
1331,2017-05-28,Same Day
1332,2015-04-23,Standard Class
1333,2017-06-20,Second Class
1334,2015-05-09,Same Day
1335,2017-09-20,First Class
1336,2018-12-25,Second Class
1337,2018-11-01,First Class
1338,2017-04-02,Second Class
1339,2015-03-26,Second Class
1340,2018-09-09,Second Class
1341,2017-07-06,First Class
1342,2018-09-14,Standard Class
1343,2018-07-03,Same Day
1344,2018-08-12,Standard Class
1345,2016-03-24,Standard Class
1346,2017-06-11,Standard Class
1347,2018-10-07,Standard Class
1348,2018-12-21,First Class
1349,2017-12-07,Second Class
1350,2015-09-14,Second Class
1351,2018-06-30,Standard Class
1352,2015-11-24,Standard Class
1353,2018-08-27,Standard Class
1354,2017-03-16,Second Class
1355,2015-09-28,Second Class
1356,2017-12-01,Second Class
1357,2017-09-29,Standard Class
1358,2018-05-21,Second Class
1359,2018-05-08,Second Class
1360,2017-11-14,Standard Class
1361,2015-12-23,Second Class
1362,2018-12-11,Second Class
1363,2018-04-30,Standard Class
1364,2016-03-17,Standard Class
1365,2017-06-15,Second Class
1366,2018-07-09,Standard Class
1367,2017-04-14,Standard Class
1368,2016-12-09,Standard Class
1369,2017-10-20,Standard Class
1370,2016-11-21,Second Class
1371,2016-06-19,Standard Class
1372,2018-03-22,Standard Class
1373,2015-12-10,Second Class
1374,2018-04-05,First Class
1375,2018-03-11,Second Class
1376,2017-03-17,Same Day
1377,2015-10-24,Same Day
1378,2017-09-28,Second Class
1379,2018-08-29,Second Class
1380,2017-03-06,First Class
1381,2017-03-04,Standard Class
1382,2017-08-18,Second Class
1383,2018-03-02,Standard Class
1384,2017-03-25,Standard Class
1385,2016-12-10,Second Class
1386,2015-12-20,Second Class
1387,2017-12-21,Standard Class
1388,2017-05-17,Standard Class
1389,2015-04-13,Second Class
1390,2016-05-08,Standard Class
1391,2018-02-20,Standard Class
1392,2015-11-20,Standard Class
1393,2016-07-14,Second Class
1394,2018-11-16,Second Class
1395,2018-08-04,Standard Class
1396,2015-07-11,Standard Class
1397,2016-02-28,First Class
1398,2015-02-02,Standard Class
1399,2018-11-05,First Class
1400,2018-03-05,Same Day
1401,2017-07-08,Same Day
1402,2015-10-12,Standard Class
1403,2015-11-24,Same Day
1404,2015-04-15,Standard Class
1405,2015-08-02,Standard Class
1406,2015-06-12,Standard Class
1407,2018-11-27,Second Class
1408,2018-09-23,First Class
1409,2016-09-21,Same Day
1410,2018-10-28,Second Class
1411,2015-12-20,Same Day
1412,2018-02-22,Standard Class
1413,2015-07-29,Second Class
1414,2016-10-27,Second Class
1415,2015-07-12,Standard Class
1416,2018-02-02,Standard Class
1417,2015-11-28,Standard Class
1418,2016-01-08,Standard Class
1419,2016-11-20,Standard Class
1420,2016-10-07,Second Class
1421,2018-06-06,First Class
1422,2018-09-25,Standard Class
1423,2018-07-23,Standard Class
1424,2017-07-02,Second Class
1425,2017-03-17,First Class
1426,2017-12-10,Same Day
1427,2018-05-29,Second Class
1428,2017-06-30,Standard Class
1429,2017-05-21,Second Class
1430,2015-11-30,Second Class
1431,2018-01-19,Standard Class
1432,2017-06-02,Standard Class
1433,2016-10-24,Standard Class
1434,2018-02-20,First Class
1435,2017-09-28,Standard Class
1436,2015-11-17,Second Class
1437,2017-04-06,Standard Class
1438,2016-06-05,Standard Class
1439,2016-02-24,Second Class
1440,2017-04-02,Standard Class
1441,2015-12-27,Standard Class
1442,2017-07-09,Second Class
1443,2018-04-14,Standard Class
1444,2017-04-22,Standard Class
1445,2016-03-12,Standard Class
1446,2016-07-20,Second Class
1447,2016-12-27,Standard Class
1448,2015-06-27,Standard Class
1449,2018-10-28,First Class
1450,2018-08-13,First Class
1451,2017-12-12,Same Day
1452,2016-07-19,First Class
1453,2018-06-26,Second Class
1454,2016-11-24,Standard Class
1455,2016-09-20,First Class
1456,2017-03-14,Standard Class
1457,2015-06-26,First Class
1458,2017-08-31,First Class
1459,2016-12-08,Second Class
1460,2016-09-27,First Class
1461,2018-11-20,Standard Class
1462,2016-12-21,Second Class
1463,2016-12-24,First Class
1464,2018-09-09,First Class
1465,2017-08-06,Second Class
1466,2015-08-26,Standard Class
1467,2017-04-05,Standard Class
1468,2018-05-18,First Class
1469,2018-12-21,Same Day
1470,2018-08-13,Standard Class
1471,2017-08-26,Standard Class
1472,2016-09-07,Same Day
1473,2017-11-27,First Class
1474,2018-09-10,Standard Class
1475,2018-05-12,Same Day
1476,2015-05-18,Standard Class
1477,2018-07-31,Second Class
1478,2018-05-09,First Class
1479,2016-04-04,Standard Class
1480,2015-11-25,Standard Class
1481,2018-01-01,First Class
1482,2018-12-04,First Class
1483,2015-05-23,Standard Class
1484,2018-02-06,Standard Class
1485,2018-10-28,Standard Class
1486,2018-01-03,Standard Class
1487,2018-05-18,Standard Class
1488,2016-03-18,Standard Class
1489,2018-01-16,First Class
1490,2016-03-13,Standard Class
1491,2015-10-13,First Class
1492,2016-04-14,First Class
1493,2017-07-01,Same Day
1494,2015-04-12,Standard Class
1495,2017-06-18,Second Class
1496,2018-10-12,Standard Class
1497,2017-10-22,First Class
1498,2016-07-08,Same Day
1499,2016-06-22,Standard Class
1500,2016-04-23,Second Class
1501,2016-12-10,Same Day
1502,2015-11-02,Second Class
1503,2015-05-09,Second Class
1504,2016-02-22,Standard Class
1505,2018-04-03,First Class
1506,2018-06-13,Second Class
1507,2017-10-03,First Class
1508,2016-01-10,Standard Class
1509,2017-03-26,First Class
1510,2015-09-24,First Class
1511,2018-09-03,Second Class
1512,2018-03-28,First Class
1513,2017-04-05,First Class
1514,2015-03-30,Standard Class
1515,2017-12-05,Second Class
1516,2015-09-19,Same Day
1517,2016-10-23,Same Day
1518,2018-10-16,First Class
1519,2018-11-02,Second Class
1520,2018-08-11,Standard Class
1521,2017-11-09,Standard Class
1522,2018-06-29,Second Class
1523,2017-11-27,Second Class
1524,2018-07-21,Same Day
1525,2016-10-28,Standard Class
1526,2017-04-20,Standard Class
1527,2015-12-23,First Class
1528,2016-11-26,Second Class
1529,2016-05-21,Standard Class
1530,2018-12-13,Second Class
1531,2018-03-16,Standard Class
1532,2018-08-26,Second Class
1533,2015-08-25,Second Class
1534,2017-10-04,Same Day
1535,2015-10-30,Second Class
1536,2017-06-28,Same Day
1537,2015-11-11,Standard Class
1538,2016-08-02,Standard Class
1539,2016-01-03,Second Class
1540,2017-01-27,First Class
1541,2018-10-09,Standard Class
1542,2015-03-22,Same Day
1543,2018-03-22,First Class
1544,2017-09-25,Standard Class
1545,2018-11-29,Second Class
1546,2016-12-07,Second Class
1547,2018-12-11,Same Day
1548,2018-05-22,Second Class
1549,2018-07-25,Second Class
1550,2015-04-30,Standard Class
1551,2016-12-02,Second Class
1552,2017-09-12,Standard Class
1553,2015-07-20,Same Day
1554,2017-12-27,First Class
1555,2015-05-11,Standard Class
1556,2018-08-23,Standard Class
1557,2018-04-12,Second Class
1558,2015-12-24,Standard Class
1559,2015-03-09,Standard Class
1560,2018-05-19,First Class
1561,2018-09-14,Same Day
1562,2017-05-08,Standard Class
1563,2017-07-26,Standard Class
1564,2018-03-20,Standard Class
1565,2018-10-01,First Class
1566,2016-08-11,Standard Class
1567,2018-12-01,Standard Class
1568,2018-09-29,Same Day
1569,2018-10-22,Same Day
1570,2015-03-28,Standard Class
1571,2017-11-08,Standard Class
1572,2015-12-03,Second Class
1573,2018-05-29,Standard Class
1574,2017-09-08,First Class
1575,2017-11-01,Second Class
1576,2018-06-14,Standard Class
1577,2015-02-26,Standard Class
1578,2018-02-25,Second Class
1579,2015-11-06,Standard Class
1580,2018-09-10,Second Class
1581,2017-11-18,Standard Class
1582,2017-11-17,First Class
1583,2015-10-10,Same Day
1584,2016-03-02,Standard Class
1585,2018-03-31,First Class
1586,2016-07-17,Second Class
1587,2018-05-02,First Class
1588,2017-03-01,Second Class
1589,2016-03-26,First Class
1590,2016-01-05,Standard Class
1591,2015-05-08,First Class
1592,2015-12-14,Standard Class
1593,2015-04-21,Second Class
1594,2017-12-18,Standard Class
1595,2015-04-16,Standard Class
1596,2016-06-15,Standard Class
1597,2016-08-06,Standard Class
1598,2017-09-22,First Class
1599,2017-08-28,Second Class
1600,2018-11-04,Second Class
1601,2017-12-10,Second Class
1602,2016-07-20,Standard Class
1603,2016-05-29,Second Class
1604,2016-06-02,Standard Class
1605,2017-01-26,Second Class
1606,2016-09-07,Second Class
1607,2016-09-26,Standard Class
1608,2016-10-08,Second Class
1609,2018-08-08,Second Class
1610,2018-04-29,First Class
1611,2017-09-16,Standard Class
1612,2017-08-16,Standard Class
1613,2015-06-05,Standard Class
1614,2017-05-01,Standard Class
1615,2018-05-19,Standard Class
1616,2017-09-26,Standard Class
1617,2017-01-17,Standard Class
1618,2017-08-06,Standard Class
1619,2018-03-29,Second Class
1620,2017-12-01,Same Day
1621,2018-04-03,Standard Class
1622,2015-12-22,First Class
1623,2016-12-17,Same Day
1624,2017-05-18,First Class
1625,2018-06-30,First Class
1626,2015-03-31,Same Day
1627,2018-05-20,First Class
1628,2016-10-11,First Class
1629,2016-04-20,Second Class
1630,2017-05-22,Same Day
1631,2015-11-12,Standard Class
1632,2016-02-24,Standard Class
1633,2017-03-03,Same Day
1634,2017-12-25,First Class
1635,2017-10-09,First Class
1636,2018-01-04,Standard Class
1637,2016-04-28,Standard Class
1638,2016-03-12,First Class
1639,2018-06-03,Same Day
1640,2017-09-24,Second Class
1641,2015-11-03,Second Class
1642,2018-11-21,Standard Class
1643,2017-02-23,Second Class
1644,2015-07-10,First Class
1645,2018-02-01,Standard Class
1646,2016-07-04,Standard Class
1647,2016-08-17,Standard Class
1648,2017-05-19,Standard Class
1649,2018-07-17,Second Class
1650,2016-11-25,Second Class
1651,2016-12-30,First Class
1652,2017-11-19,Second Class
1653,2017-05-10,First Class
1654,2016-04-11,Standard Class
1655,2017-07-11,Same Day
1656,2018-10-10,Standard Class
1657,2018-06-03,First Class
1658,2018-10-04,Standard Class
1659,2015-04-05,First Class
1660,2016-07-26,Second Class
1661,2015-06-27,Second Class
1662,2016-01-17,Standard Class
1663,2018-12-19,Standard Class
1664,2015-04-16,Second Class
1665,2018-11-29,Standard Class
1666,2018-05-27,Standard Class
1667,2015-10-09,Standard Class
1668,2017-07-31,First Class
1669,2018-03-15,Standard Class
1670,2015-12-20,Standard Class
1671,2015-10-17,First Class
1672,2017-08-27,Standard Class
1673,2015-10-16,Second Class
1674,2015-11-23,Second Class
1675,2018-01-18,Standard Class
1676,2016-09-26,Second Class
1677,2018-10-11,Second Class
1678,2017-01-07,Standard Class
1679,2018-12-29,Second Class
1680,2018-09-13,First Class
1681,2015-09-03,First Class
1682,2018-03-30,Standard Class
1683,2016-10-04,Standard Class
1684,2016-03-21,Standard Class
1685,2015-01-18,Standard Class
1686,2016-06-13,Standard Class
1687,2016-03-20,Standard Class
1688,2015-03-08,First Class
1689,2017-05-19,Second Class
1690,2016-05-28,Second Class
1691,2016-08-05,Second Class
1692,2016-09-23,Second Class
1693,2016-09-10,Standard Class
1694,2015-09-03,Same Day
1695,2018-09-04,Standard Class
1696,2015-11-10,Standard Class
1697,2017-02-04,Standard Class
1698,2017-05-24,Same Day
1699,2017-10-12,Standard Class
1700,2015-05-02,Second Class
1701,2016-11-14,Second Class
1702,2018-05-13,First Class
1703,2015-11-18,First Class
1704,2015-09-07,Second Class
1705,2016-08-13,Second Class
1706,2016-07-12,First Class
1707,2017-11-13,Second Class
1708,2015-04-04,Standard Class
1709,2016-09-24,Standard Class
1710,2018-05-19,Same Day
1711,2016-01-08,Second Class
1712,2016-09-11,First Class
1713,2017-04-07,Standard Class
1714,2018-09-24,First Class
1715,2015-08-12,Standard Class
1716,2016-11-05,Same Day
1717,2018-04-29,Second Class
1718,2015-04-22,Second Class
1719,2018-08-07,First Class
1720,2016-05-27,Standard Class
1721,2016-08-12,Standard Class
1722,2015-03-17,Same Day
1723,2016-03-30,Second Class
1724,2018-04-26,First Class
1725,2015-10-22,Standard Class
1726,2016-11-13,Same Day
1727,2017-02-02,Second Class
1728,2018-07-29,Standard Class
1729,2016-10-03,Standard Class
1730,2015-04-08,Standard Class
1731,2015-09-14,Same Day
1732,2016-06-27,Standard Class
1733,2017-10-28,Standard Class
1734,2016-11-12,Standard Class
1735,2018-02-07,Standard Class
1736,2018-03-10,Second Class
1737,2018-09-28,First Class
1738,2018-07-04,Second Class
1739,2016-10-30,Second Class
1740,2017-11-23,Second Class
1741,2017-05-29,Second Class
1742,2016-03-10,First Class
1743,2017-11-08,First Class
1744,2018-09-27,First Class
1745,2016-10-15,Standard Class
1746,2016-01-18,Standard Class
1747,2016-05-16,Second Class
1748,2017-09-26,Same Day
1749,2018-04-17,Second Class
1750,2018-09-01,Same Day
1751,2015-06-20,Standard Class
1752,2015-12-01,Standard Class
1753,2018-08-23,First Class
1754,2018-08-08,Standard Class
1755,2017-07-26,First Class
1756,2017-08-04,Second Class
1757,2016-11-02,First Class
1758,2015-03-11,Second Class
1759,2016-03-07,Second Class
1760,2017-08-14,Standard Class
1761,2018-01-08,Standard Class
1762,2015-09-10,First Class
1763,2018-09-11,Same Day
1764,2018-01-16,Same Day
1765,2018-05-06,First Class
1766,2016-12-30,Standard Class
1767,2018-08-19,Standard Class
1768,2017-09-26,First Class
1769,2015-09-23,First Class
1770,2017-02-26,Standard Class
1771,2018-10-05,First Class
1772,2018-09-23,Second Class
1773,2016-01-22,Standard Class
1774,2015-01-08,Second Class
1775,2017-09-08,Standard Class
1776,2015-09-01,Standard Class
1777,2016-05-25,Standard Class
1778,2018-03-23,Second Class
1779,2018-12-16,Standard Class
1780,2015-05-19,Standard Class
1781,2015-08-11,Standard Class
1782,2018-06-10,First Class
1783,2015-01-21,Second Class
1784,2018-05-31,Standard Class
1785,2015-12-07,First Class
1786,2017-08-18,Standard Class
1787,2018-07-03,Standard Class
1788,2015-11-21,Second Class
1789,2017-09-24,Same Day
1790,2017-10-02,Standard Class
1791,2017-09-14,First Class
1792,2016-10-26,First Class
1793,2017-06-14,Same Day
1794,2015-09-07,First Class
1795,2017-04-09,Standard Class
1796,2016-04-23,Standard Class
1797,2017-08-31,Standard Class
1798,2018-05-02,Standard Class
1799,2018-09-06,Second Class
1800,2015-01-20,First Class
1801,2015-02-19,Second Class
1802,2017-06-14,Standard Class
1803,2015-09-27,First Class
1804,2018-12-26,Same Day
1805,2018-06-18,First Class
1806,2018-02-04,Standard Class
1807,2016-10-29,Standard Class
1808,2018-01-27,First Class
1809,2015-11-28,Same Day
1810,2018-06-16,Standard Class
1811,2017-10-08,Same Day
1812,2016-10-12,Standard Class
1813,2015-03-02,Standard Class
1814,2016-06-01,First Class
1815,2017-11-21,Second Class
1816,2017-12-12,First Class
1817,2018-04-28,Standard Class
1818,2016-05-10,First Class
1819,2016-04-20,Standard Class
1820,2017-12-25,Standard Class
1821,2018-09-08,First Class
1822,2015-12-01,First Class
1823,2018-10-06,Second Class
1824,2016-12-18,Standard Class
1825,2018-03-13,Same Day
1826,2017-12-16,Standard Class
1827,2018-09-14,Second Class
1828,2017-05-13,Standard Class
1829,2017-12-11,Second Class
1830,2015-10-18,Second Class
1831,2018-09-24,Same Day
1832,2016-09-29,Standard Class
1833,2015-10-03,Same Day
1834,2017-02-07,Standard Class
1835,2016-09-21,First Class
1836,2017-10-28,Second Class
1837,2015-02-15,Standard Class
1838,2016-12-06,First Class
1839,2017-04-05,Second Class
1840,2016-05-20,Second Class
1841,2018-07-19,Second Class
1842,2017-12-21,First Class
1843,2017-07-21,Same Day
1844,2016-06-11,Second Class
1845,2017-01-27,Standard Class
1846,2015-06-02,Standard Class
1847,2017-08-03,Standard Class
1848,2015-07-28,Same Day
1849,2017-05-07,Second Class
1850,2017-11-05,Same Day
1851,2016-05-15,Standard Class
1852,2018-07-31,Same Day
1853,2015-03-05,Standard Class
1854,2016-10-12,Second Class
1855,2015-09-27,Standard Class
1856,2018-07-02,First Class
1857,2015-07-03,Standard Class
1858,2015-01-25,Standard Class
1859,2017-02-10,Standard Class
1860,2016-04-03,Second Class
1861,2015-10-18,Standard Class
1862,2016-11-23,First Class
1863,2017-12-30,Same Day
1864,2018-08-15,First Class
1865,2016-11-05,First Class
1866,2016-09-12,Second Class
1867,2015-11-14,Standard Class
1868,2018-09-12,Second Class
1869,2016-03-01,Standard Class
1870,2016-04-09,Standard Class
1871,2018-04-14,Second Class
1872,2015-10-03,Second Class
1873,2015-07-14,First Class
1874,2016-03-24,First Class
1875,2017-02-11,Standard Class
1876,2016-07-03,First Class
1877,2016-06-17,First Class
1878,2015-11-26,Same Day
1879,2015-05-02,Same Day
1880,2016-07-22,Standard Class
1881,2016-04-03,Standard Class
1882,2016-11-21,Standard Class
1883,2018-09-07,Second Class
1884,2016-11-08,Standard Class
1885,2016-05-04,Second Class
1886,2017-05-04,Second Class
1887,2015-08-07,Second Class
1888,2017-01-08,Standard Class
1889,2018-06-04,Same Day
1890,2016-04-09,First Class
1891,2015-05-26,Standard Class
1892,2017-03-15,Second Class
1893,2015-10-17,Same Day
1894,2017-04-17,First Class
1895,2018-01-16,Standard Class
1896,2018-11-06,Same Day
1897,2015-08-26,Second Class
1898,2017-11-30,Second Class
1899,2018-07-09,First Class
1900,2017-07-04,Same Day
1901,2018-05-25,Standard Class
1902,2018-10-14,Second Class
1903,2015-08-29,Standard Class
1904,2016-09-18,Second Class
1905,2015-03-31,First Class
1906,2015-11-15,Second Class
1907,2015-11-13,Second Class
1908,2018-08-25,Standard Class
1909,2017-01-17,First Class
1910,2015-07-22,First Class
1911,2018-02-11,Standard Class
1912,2018-07-17,Standard Class
1913,2018-04-25,First Class
1914,2018-09-18,Second Class
1915,2017-07-25,Standard Class
1916,2017-01-03,Standard Class
1917,2017-03-11,First Class
1918,2015-10-10,Second Class
1919,2017-08-13,Same Day
1920,2017-11-21,First Class
1921,2017-11-15,First Class
1922,2018-07-06,Same Day
1923,2018-01-01,Standard Class
1924,2017-02-08,Standard Class
1925,2018-05-24,Second Class
1926,2017-06-16,Standard Class
1927,2017-08-20,First Class
1928,2016-01-03,Standard Class
1929,2016-04-16,Standard Class
1930,2016-12-30,Second Class
1931,2016-04-07,First Class
1932,2016-01-23,Standard Class
1933,2018-08-20,Standard Class
1934,2017-09-07,Standard Class
1935,2015-02-18,Same Day
1936,2018-12-31,Second Class
1937,2018-08-24,First Class
1938,2017-03-20,Standard Class
1939,2015-10-28,First Class
1940,2017-08-19,First Class
1941,2016-10-22,Standard Class
1942,2017-11-04,Second Class
1943,2016-04-20,First Class
1944,2015-12-26,Standard Class
1945,2017-04-11,First Class
1946,2018-04-23,First Class
1947,2017-08-05,Second Class
1948,2015-03-21,First Class
1949,2015-08-30,Second Class
1950,2017-12-24,Second Class
1951,2018-04-08,Standard Class
1952,2018-12-13,Same Day
1953,2018-12-03,First Class
1954,2017-10-24,Second Class
1955,2018-10-03,Standard Class
1956,2017-01-29,Standard Class
1957,2018-05-31,Second Class
1958,2015-04-07,Same Day
1959,2018-11-06,Second Class
1960,2016-08-17,Second Class
1961,2016-05-18,Standard Class
1962,2018-07-27,Standard Class
1963,2018-05-10,Standard Class
1964,2017-10-06,Same Day
1965,2016-10-04,Second Class
1966,2017-07-22,Second Class
1967,2018-05-16,Standard Class
1968,2017-10-31,Standard Class
1969,2016-04-26,Standard Class
1970,2015-09-19,First Class
1971,2016-01-01,Standard Class
1972,2015-10-26,Standard Class
1973,2018-06-20,Second Class
1974,2018-05-05,Same Day
1975,2017-11-06,Second Class
1976,2015-09-16,Standard Class
1977,2018-02-21,Standard Class
1978,2018-10-02,Standard Class
1979,2015-10-17,Standard Class
1980,2015-06-23,Standard Class
1981,2016-11-02,Standard Class
1982,2018-01-02,First Class
1983,2018-10-20,Same Day
1984,2016-05-06,Standard Class
1985,2018-01-28,Standard Class
1986,2017-10-07,Standard Class
1987,2017-11-21,Same Day
1988,2018-10-05,Second Class
1989,2017-10-10,First Class
1990,2015-04-13,Standard Class
1991,2015-02-04,Standard Class
1992,2016-02-11,Standard Class
1993,2018-11-04,Standard Class
1994,2018-05-31,First Class
1995,2016-12-05,Standard Class
1996,2018-09-02,Second Class
1997,2018-05-15,First Class
1998,2018-11-14,Second Class
1999,2018-08-21,Same Day
2000,2015-08-01,Standard Class
2001,2016-10-27,First Class
2002,2018-08-24,Standard Class
2003,2018-05-29,First Class
2004,2015-10-06,First Class
2005,2016-03-10,Standard Class
2006,2018-03-06,Second Class
2007,2016-12-23,Second Class
2008,2018-05-17,First Class
2009,2018-05-25,Second Class
2010,2016-09-02,Standard Class
2011,2015-06-10,Standard Class
2012,2017-03-20,Second Class
2013,2015-01-15,First Class
2014,2018-06-09,Standard Class
2015,2018-09-24,Standard Class
2016,2018-11-01,Second Class
2017,2016-07-28,Standard Class
2018,2017-10-11,Second Class
2019,2018-01-18,Second Class
2020,2015-02-27,Standard Class
2021,2015-10-23,First Class
2022,2018-11-19,First Class
2023,2016-08-01,First Class
2024,2016-11-03,Second Class
2025,2015-10-22,Second Class
2026,2016-06-10,Standard Class
2027,2018-04-02,First Class
2028,2015-05-12,Standard Class
2029,2018-02-08,Second Class
2030,2015-04-22,Standard Class
2031,2017-10-22,Same Day
2032,2017-08-11,Standard Class
2033,2015-03-26,First Class
2034,2016-05-11,Standard Class
2035,2017-05-31,Standard Class
2036,2017-06-19,First Class
2037,2015-09-09,First Class
2038,2017-05-08,Second Class
2039,2017-10-24,Same Day
2040,2018-05-06,Same Day
2041,2018-11-30,Second Class
2042,2018-08-09,Standard Class
2043,2018-09-11,First Class
2044,2018-02-27,Standard Class
2045,2016-08-10,Second Class
2046,2018-11-01,Standard Class
2047,2018-05-14,Second Class
2048,2016-09-16,Standard Class
2049,2015-10-14,Standard Class
2050,2018-03-15,Second Class
2051,2018-08-13,Second Class
2052,2018-10-02,Second Class
2053,2016-05-24,Standard Class
2054,2016-06-28,Standard Class
2055,2017-09-15,Standard Class
2056,2015-04-18,Standard Class
2057,2018-08-21,Second Class
2058,2018-12-14,Same Day
2059,2017-04-15,Standard Class
2060,2018-08-15,Second Class
2061,2016-06-20,First Class
2062,2015-07-07,First Class
2063,2017-04-17,Standard Class
2064,2015-05-31,Standard Class
2065,2018-07-11,Standard Class
2066,2016-02-20,Standard Class
2067,2018-06-18,Second Class
2068,2017-06-30,Second Class
2069,2017-07-26,Second Class
2070,2018-04-24,Standard Class
2071,2017-09-08,Second Class
2072,2018-07-28,Second Class
2073,2016-09-20,Standard Class
2074,2016-09-09,Second Class
2075,2016-08-25,Same Day
2076,2016-04-05,Standard Class
2077,2017-10-09,Standard Class
2078,2017-12-27,Second Class
2079,2017-09-08,Same Day
2080,2018-10-20,Standard Class
2081,2016-07-12,Standard Class
2082,2018-02-09,Standard Class
2083,2016-12-07,First Class
2084,2017-12-08,Second Class
2085,2016-12-19,First Class
2086,2016-12-05,Second Class
2087,2018-09-17,Standard Class
2088,2016-05-26,Second Class
2089,2018-07-24,Same Day
2090,2018-12-08,Second Class
2091,2018-05-20,Same Day
2092,2018-08-05,Second Class
2093,2017-04-18,Second Class
2094,2018-04-10,Standard Class
2095,2016-03-19,Second Class
2096,2015-06-15,Same Day
2097,2016-07-30,Standard Class
2098,2017-10-04,Standard Class
2099,2016-04-29,Standard Class
2100,2018-11-19,Same Day
2101,2016-10-03,First Class
2102,2018-11-10,Same Day
2103,2017-07-20,Second Class
2104,2016-10-20,Second Class
2105,2016-07-02,Standard Class
2106,2017-11-28,First Class
2107,2015-11-08,First Class
2108,2018-12-13,First Class
2109,2016-11-13,Second Class
2110,2016-08-25,Standard Class
2111,2015-03-13,Second Class
2112,2017-06-27,Second Class
2113,2015-08-27,Standard Class
2114,2018-02-12,Standard Class
2115,2017-12-23,Second Class
2116,2015-05-04,Second Class
2117,2017-08-16,First Class
2118,2017-12-31,Second Class
2119,2015-12-08,First Class
2120,2017-05-26,Standard Class
2121,2017-07-28,Standard Class
2122,2018-08-06,Second Class
2123,2018-06-19,Second Class
2124,2016-01-13,Standard Class
2125,2017-05-06,First Class
2126,2015-10-23,Second Class
2127,2018-02-17,Standard Class
2128,2017-09-29,Second Class
2129,2018-09-07,Same Day
2130,2016-12-27,Second Class
2131,2018-05-04,Standard Class
2132,2017-03-31,Second Class
2133,2016-05-18,Second Class
2134,2015-07-09,Standard Class
2135,2015-04-24,Second Class
2136,2015-07-24,Second Class
2137,2018-04-27,Second Class
2138,2015-01-07,First Class
2139,2017-12-30,Second Class
2140,2017-02-14,First Class
2141,2016-08-15,Standard Class
2142,2017-09-13,First Class
2143,2017-06-06,Standard Class
2144,2016-09-30,Second Class
2145,2016-05-06,First Class
2146,2018-01-31,Standard Class
2147,2018-03-15,First Class
2148,2015-12-10,First Class
2149,2017-07-10,Same Day
2150,2018-05-25,First Class
2151,2018-02-13,Standard Class
2152,2018-06-17,Standard Class
2153,2018-08-16,Same Day
2154,2017-01-20,Standard Class
2155,2017-07-21,First Class
2156,2016-02-27,Standard Class
2157,2015-09-07,Standard Class
2158,2017-01-31,First Class
2159,2016-05-31,Standard Class
2160,2016-02-14,Second Class
2161,2015-11-21,First Class
2162,2015-04-02,Standard Class
2163,2017-11-07,Second Class
2164,2018-06-14,Second Class
2165,2018-05-16,Second Class
2166,2017-11-13,First Class
2167,2018-10-30,Standard Class
2168,2016-04-17,Standard Class
2169,2016-07-21,First Class
2170,2015-03-07,Standard Class
2171,2017-01-02,Second Class
2172,2017-04-14,First Class
2173,2017-12-04,Standard Class
2174,2016-03-11,Second Class
2175,2015-11-01,Standard Class
2176,2018-01-09,Second Class
2177,2015-09-23,Standard Class
2178,2016-05-31,Same Day
2179,2015-09-30,Same Day
2180,2015-07-15,Second Class
2181,2017-09-13,Standard Class
2182,2018-08-10,Standard Class
2183,2016-05-19,Standard Class
2184,2018-01-21,First Class
2185,2015-07-24,First Class
2186,2018-06-03,Standard Class
2187,2016-07-31,Standard Class
2188,2015-02-19,Standard Class
2189,2016-03-27,Second Class
2190,2016-11-18,First Class
2191,2015-12-11,First Class
2192,2018-02-07,Second Class
2193,2018-11-14,First Class
2194,2016-04-18,First Class
2195,2016-04-14,Second Class
2196,2016-03-01,Second Class
2197,2015-09-20,Standard Class
2198,2017-07-03,First Class
2199,2015-01-10,Standard Class
2200,2017-09-03,Second Class
2201,2015-12-17,Second Class
2202,2018-09-16,Standard Class
2203,2018-07-18,Standard Class
2204,2018-03-30,Same Day
2205,2017-02-04,Second Class
2206,2018-09-26,Same Day
2207,2017-02-22,Second Class
2208,2017-09-07,First Class
2209,2015-05-14,Second Class
2210,2018-10-07,First Class
2211,2017-02-01,Second Class
2212,2015-11-07,Second Class
2213,2016-11-27,Second Class
2214,2016-08-16,First Class
2215,2015-09-22,Standard Class
2216,2018-12-27,First Class
2217,2015-02-24,First Class
2218,2016-02-11,First Class
2219,2016-08-28,Second Class
2220,2018-10-29,First Class
2221,2015-04-01,First Class
2222,2019-01-01,Second Class
2223,2017-10-07,First Class
2224,2016-03-27,Standard Class
2225,2015-04-15,Same Day
2226,2018-08-02,First Class
2227,2016-11-29,Second Class
2228,2018-05-09,Second Class
2229,2015-10-08,Same Day
2230,2016-01-07,Standard Class
2231,2016-05-01,First Class
2232,2016-02-21,Standard Class
2233,2018-07-17,First Class
2234,2017-03-22,Same Day
2235,2018-07-05,First Class
2236,2016-01-12,Standard Class
2237,2016-03-20,Second Class
2238,2018-09-21,First Class
2239,2018-08-06,Standard Class
2240,2016-06-02,Second Class
2241,2016-06-24,Standard Class
2242,2016-12-03,First Class
2243,2015-12-11,Standard Class
2244,2018-12-06,First Class
2245,2016-02-07,Standard Class
2246,2018-08-12,Same Day
2247,2016-08-26,First Class
2248,2017-08-01,Same Day
2249,2017-04-15,First Class
2250,2017-05-20,First Class
2251,2018-09-19,Same Day
2252,2016-07-18,Standard Class
2253,2015-03-29,Second Class
2254,2017-01-13,Standard Class
2255,2017-02-15,First Class
2256,2017-10-26,Second Class
2257,2016-05-01,Standard Class
2258,2016-01-28,Standard Class
2259,2016-04-17,Second Class
2260,2015-04-23,Second Class
2261,2017-03-02,Standard Class
2262,2017-05-06,Standard Class
2263,2015-06-01,First Class
2264,2018-03-06,Standard Class
2265,2017-06-21,Standard Class
2266,2018-12-06,Second Class
2267,2017-08-22,Standard Class
2268,2018-07-30,Standard Class
2269,2018-08-18,Standard Class
2270,2017-08-02,First Class
2271,2017-04-30,Second Class
2272,2018-08-27,First Class
2273,2016-07-08,Second Class
2274,2018-11-24,Second Class
2275,2018-07-27,First Class
2276,2017-03-27,Second Class
2277,2017-07-20,Standard Class
2278,2017-12-17,First Class
2279,2015-04-06,Standard Class
2280,2018-11-23,Second Class
2281,2017-10-12,First Class
2282,2015-01-07,Standard Class
2283,2018-01-25,Second Class
2284,2017-04-24,First Class
2285,2017-08-29,Standard Class
2286,2015-05-07,First Class
2287,2017-10-11,Standard Class
2288,2015-03-20,Second Class
2289,2016-06-23,First Class
2290,2018-05-25,Same Day
2291,2016-09-15,Second Class
2292,2017-01-11,Standard Class
2293,2016-06-28,First Class
2294,2016-09-22,First Class
2295,2018-07-02,Second Class
2296,2018-08-25,Second Class
2297,2017-12-17,Second Class
2298,2017-07-07,Standard Class
2299,2015-07-17,Second Class
2300,2016-09-04,Standard Class
2301,2016-06-29,Standard Class
2302,2016-11-01,Standard Class
2303,2016-08-09,First Class
2304,2016-12-14,Standard Class
2305,2018-11-13,Second Class
2306,2016-05-26,Standard Class
2307,2018-02-19,First Class
2308,2017-12-03,Second Class
2309,2018-10-07,Second Class
2310,2018-11-24,Same Day
2311,2015-07-23,First Class
2312,2015-11-13,Standard Class
2313,2015-01-29,First Class
2314,2016-10-03,Second Class
2315,2017-08-05,Standard Class
2316,2017-02-19,Standard Class
2317,2015-07-13,Standard Class
2318,2017-09-25,First Class
2319,2016-10-05,Second Class
2320,2018-09-09,Standard Class
2321,2016-11-08,Same Day
2322,2015-10-07,Standard Class
2323,2015-02-24,Standard Class
2324,2017-04-08,Second Class
2325,2016-05-10,Same Day
2326,2016-03-09,Second Class
2327,2017-06-26,Same Day
2328,2016-06-15,Second Class
2329,2017-02-25,Standard Class
2330,2018-05-10,First Class
2331,2016-12-26,Second Class
2332,2015-03-15,Standard Class
2333,2016-04-24,Standard Class
2334,2017-07-25,Same Day
2335,2018-04-16,Standard Class
2336,2018-07-24,Second Class
2337,2017-03-12,First Class
2338,2017-07-08,Standard Class
2339,2018-04-17,Standard Class
2340,2018-06-14,First Class
2341,2016-05-04,Standard Class
2342,2018-01-04,Second Class
2343,2018-02-02,First Class
2344,2016-11-18,Standard Class
2345,2017-03-19,Second Class
2346,2017-02-15,Standard Class
2347,2017-12-06,Second Class
2348,2015-06-30,Same Day
2349,2018-11-07,Second Class
2350,2016-04-18,Standard Class
2351,2017-11-15,Same Day
2352,2017-05-12,Second Class
2353,2018-05-11,First Class
2354,2017-08-30,First Class
2355,2016-10-07,Standard Class
2356,2018-11-25,First Class
2357,2017-12-21,Second Class
2358,2015-06-01,Standard Class
2359,2018-03-17,Second Class
2360,2015-04-30,First Class
2361,2017-05-29,Standard Class
2362,2018-06-02,Second Class
2363,2015-09-04,Standard Class
2364,2016-10-26,Second Class
2365,2016-10-30,Same Day
2366,2018-02-15,Standard Class
2367,2015-03-08,Second Class
2368,2016-03-03,Second Class
2369,2016-12-14,First Class
2370,2017-12-26,Standard Class
2371,2017-04-11,Standard Class
2372,2018-06-07,Second Class
2373,2018-03-16,Same Day
2374,2016-01-15,Second Class
2375,2016-06-11,Standard Class
2376,2016-12-23,First Class
2377,2017-03-31,Standard Class
2378,2016-09-12,First Class
2379,2016-07-24,Standard Class
2380,2015-06-03,Standard Class
2381,2017-12-11,First Class
2382,2016-03-22,Same Day
2383,2017-12-26,Second Class
2384,2017-04-06,Second Class
2385,2017-11-18,First Class
2386,2017-04-03,Same Day
2387,2016-10-22,First Class
2388,2018-08-30,Second Class
2389,2015-02-08,Second Class
2390,2016-05-22,Standard Class
2391,2018-02-01,First Class
2392,2015-12-31,Same Day
2393,2017-07-29,First Class
2394,2015-05-02,First Class
2395,2018-07-24,First Class
2396,2018-12-02,Same Day
2397,2016-12-08,First Class
2398,2015-09-13,Same Day
2399,2016-05-17,Standard Class
2400,2018-04-01,Second Class
2401,2016-12-25,Second Class
2402,2018-10-26,First Class
2403,2015-08-28,Second Class
2404,2016-03-05,Standard Class
2405,2018-07-16,Standard Class
2406,2018-11-20,Second Class
2407,2015-02-10,Second Class
2408,2017-07-25,First Class
2409,2016-10-04,First Class
2410,2016-06-19,First Class
2411,2018-09-10,First Class
2412,2017-02-06,Standard Class
2413,2017-09-13,Same Day
2414,2016-02-28,Standard Class
2415,2017-12-09,Second Class
2416,2016-03-04,First Class
2417,2017-04-10,Standard Class
2418,2015-05-10,First Class
2419,2016-01-01,First Class
2420,2018-10-31,Standard Class
2421,2016-12-22,First Class
2422,2016-06-09,Standard Class
2423,2015-10-09,First Class
2424,2017-08-24,Second Class
2425,2015-04-10,Second Class
2426,2017-02-13,Standard Class
2427,2016-07-04,First Class
2428,2015-10-13,Second Class
2429,2016-09-25,First Class
2430,2018-08-26,Standard Class
2431,2016-12-26,Standard Class
2432,2017-08-19,Standard Class
2433,2016-03-25,First Class
2434,2017-10-21,Second Class
2435,2017-09-18,First Class
2436,2016-08-09,Second Class
2437,2017-12-20,First Class
2438,2016-02-01,Standard Class
2439,2018-08-27,Same Day
2440,2016-12-19,Second Class
2441,2015-08-24,Second Class
2442,2015-08-10,Second Class
2443,2018-12-28,First Class
2444,2017-11-07,First Class
2445,2018-03-28,Standard Class
2446,2018-11-26,First Class
2447,2015-11-05,Second Class
2448,2016-10-24,Second Class
2449,2015-08-17,First Class
2450,2018-03-20,Same Day
2451,2015-06-22,Same Day
2452,2016-04-06,Same Day
2453,2018-11-18,Same Day
2454,2016-12-21,First Class
2455,2017-02-22,First Class
2456,2017-03-28,Second Class
2457,2015-12-18,Second Class
2458,2016-07-02,First Class
2459,2015-07-23,Standard Class
2460,2016-10-05,Standard Class
2461,2016-04-10,First Class
2462,2018-11-21,Same Day
2463,2017-11-13,Standard Class
2464,2018-12-20,Second Class
2465,2015-03-31,Second Class
2466,2017-06-18,Standard Class
2467,2016-11-21,First Class
2468,2017-03-06,Standard Class
2469,2018-05-30,Standard Class
2470,2017-09-05,Second Class
2471,2015-04-26,Standard Class
2472,2016-11-08,First Class
2473,2017-02-23,Standard Class
2474,2016-02-08,First Class
2475,2017-09-20,Second Class
2476,2016-07-03,Second Class
2477,2016-05-28,First Class
2478,2017-02-10,Second Class
2479,2018-01-24,Second Class
2480,2017-06-12,Standard Class
2481,2018-03-20,Second Class
2482,2017-11-28,Second Class
2483,2017-03-26,Second Class
2484,2015-02-09,Standard Class
2485,2015-09-08,Standard Class
2486,2017-08-03,Second Class
2487,2015-01-28,Standard Class
2488,2016-06-12,Standard Class
2489,2017-06-26,Second Class
2490,2017-04-21,Same Day
2491,2016-03-19,Standard Class
2492,2018-11-17,First Class
2493,2015-11-03,Same Day
2494,2018-07-26,First Class
2495,2018-02-14,First Class
2496,2015-07-14,Standard Class
2497,2015-02-15,Second Class
2498,2018-09-02,Same Day
2499,2016-09-25,Same Day
2500,2016-11-24,First Class
2501,2015-04-26,Second Class
2502,2015-09-25,First Class
2503,2018-03-02,Same Day
2504,2016-04-22,Second Class
2505,2016-11-11,Same Day
2506,2018-02-26,Standard Class
2507,2017-01-28,Second Class
2508,2015-08-25,First Class
2509,2015-06-13,Standard Class
2510,2016-05-31,First Class
2511,2015-12-27,Second Class
2512,2018-08-16,Standard Class
2513,2018-08-31,Standard Class
2514,2018-01-23,Standard Class
2515,2018-03-16,First Class
2516,2016-10-25,Same Day
2517,2015-03-17,First Class
2518,2017-03-14,Second Class
2519,2016-01-29,First Class
2520,2017-09-27,First Class
2521,2018-10-04,Second Class
2522,2015-09-17,Second Class
2523,2016-06-19,Same Day
2524,2016-08-23,Standard Class
2525,2015-12-31,Second Class
2526,2018-04-11,Standard Class
2527,2016-03-02,First Class
2528,2017-06-19,Second Class
2529,2015-11-22,Second Class
2530,2015-10-24,Standard Class
2531,2015-03-03,First Class
2532,2016-06-05,Second Class
2533,2016-06-24,Second Class
2534,2015-07-28,Standard Class
2535,2018-01-07,Standard Class
2536,2018-11-07,Same Day
2537,2015-04-07,Second Class
2538,2015-12-16,First Class
2539,2018-06-03,Second Class
2540,2016-08-26,Second Class
2541,2018-05-12,Second Class
2542,2017-02-09,Standard Class
2543,2018-03-25,Same Day
2544,2016-08-10,Standard Class
2545,2015-11-02,Standard Class
2546,2015-10-19,Second Class
2547,2017-05-05,First Class
2548,2016-06-08,Standard Class
2549,2018-07-07,First Class
2550,2016-09-24,Same Day
2551,2016-08-13,Same Day
2552,2018-09-16,First Class
2553,2018-06-27,Second Class
2554,2017-11-18,Same Day
2555,2017-08-01,Standard Class
2556,2018-01-29,Standard Class
2557,2018-05-11,Second Class
2558,2015-05-22,First Class
2559,2017-06-23,Standard Class
2560,2015-11-13,First Class
2561,2018-09-25,First Class
2562,2016-01-31,Second Class
2563,2015-03-12,Standard Class
2564,2015-03-30,Second Class
2565,2016-12-07,Same Day
2566,2018-04-06,Standard Class
2567,2016-08-15,First Class
2568,2018-09-28,Second Class
2569,2017-12-14,First Class
2570,2015-06-15,Second Class
2571,2017-03-11,Same Day
2572,2017-08-14,Second Class
2573,2017-05-31,Same Day
2574,2015-08-25,Standard Class
2575,2016-07-03,Standard Class
2576,2017-07-02,First Class
2577,2017-07-03,Same Day
2578,2015-07-30,Standard Class
2579,2016-05-13,Standard Class
2580,2015-11-05,Same Day
2581,2018-04-01,Standard Class
2582,2015-05-23,Second Class
